,Unnamed: 0,Unnamed: 0.1,first_name,last_name,zip,age,country,state
0,0,0,Costa,Grastye,93773,61,United States,California
1,1,1,Blondelle,Mudd,95219,55,United States,California
2,2,2,Kamilah,Causby,93106,95,United States,California
3,3,3,Ches,Fantonetti,91131,31,United States,California
4,4,4,Emelyne,Tillot,94660,28,United States,California
5,5,5,Sonya,McCraine,94245,9,United States,California
6,6,6,Enid,Egdell,95838,68,United States,California
7,7,7,Erie,Westmore,94105,29,United States,California
8,8,8,Calypso,Bownde,92160,50,United States,California
9,9,9,Antonetta,Amsberger,95852,19,United States,California
10,10,10,Gerhardine,Scapens,94913,62,United States,California
11,11,11,Vanni,Soden,92115,25,United States,California
12,12,12,Malanie,Garmans,93111,85,United States,California
13,13,13,Grissel,Normington,94250,10,United States,California
14,14,14,Rodie,Verlinde,90055,67,United States,California
15,15,15,Vic,Zanolli,94705,10,United States,California
16,16,16,Wilek,Collop,93386,56,United States,California
17,17,17,Germana,Lowndsbrough,93584,79,United States,California
18,18,18,Miquela,Kubin,95054,37,United States,California
19,19,19,Brandon,Bruckent,93740,17,United States,California
20,20,20,Zacharie,Probets,93291,16,United States,California
21,21,21,Katrine,Perkins,94913,52,United States,California
22,22,22,Lexi,Dorkin,95210,59,United States,California
23,23,23,Silva,Evanson,94807,93,United States,California
24,24,24,Allis,Dodgson,94089,18,United States,California
25,25,25,Nydia,Ducastel,92127,8,United States,California
26,26,26,Tamarah,Rhyme,94132,1,United States,California
27,27,27,Nelli,Bawden,90010,63,United States,California
28,28,28,Haroun,Powell,91125,90,United States,California
29,29,29,Imogen,Stoney,90020,21,United States,California
30,30,30,Virgilio,Maxweell,95054,33,United States,California
31,31,31,Lorilee,Trowsdall,90010,40,United States,California
32,32,32,Gregorio,Hoyt,92415,84,United States,California
33,33,33,Hadlee,Jeannequin,90030,94,United States,California
34,34,34,Aron,Lanaway,94147,3,United States,California
35,35,35,Ludwig,Corradini,94297,69,United States,California
36,36,36,Dimitri,Colin,92165,16,United States,California
37,37,37,Regine,Sowood,94297,3,United States,California
38,38,38,Yalonda,Kubes,91117,16,United States,California
39,39,39,Sibylle,Ohanessian,93740,95,United States,California
40,40,40,Linnie,Ackermann,95298,89,United States,California
41,41,41,Brant,Gurley,95838,99,United States,California
42,42,42,Trev,Withey,93907,33,United States,California
43,43,43,Lark,Creyke,94250,66,United States,California
44,44,44,Freddi,Roubottom,94622,54,United States,California
45,45,45,Rochell,Saddington,93311,68,United States,California
46,46,46,Ambros,Peart,92191,92,United States,California
47,47,47,Hetti,Marquess,94105,86,United States,California
48,48,48,Peirce,Lindenbluth,95108,48,United States,California
49,49,49,Marinna,Broomhall,92555,13,United States,California
50,50,50,Siffre,Lugard,91328,39,United States,California
51,51,51,Francesca,Rehorek,90605,53,United States,California
52,52,52,Ottilie,Cunah,92662,49,United States,California
53,53,53,Gunter,Cudby,93591,66,United States,California
54,54,54,Babara,Shemelt,94705,73,United States,California
55,55,55,Konstantin,Fullom,92013,91,United States,California
56,56,56,Tito,Haws,95828,19,United States,California
57,57,57,Christean,Barnwille,90840,38,United States,California
58,58,58,Winn,Fechnie,94522,36,United States,California
59,59,59,Lindi,Mendes,91125,52,United States,California
60,60,60,Marion,Abrams,93762,48,United States,California
61,61,61,Harrie,Huortic,90101,0,United States,California
62,62,62,Ulberto,Hultberg,92153,2,United States,California
63,63,63,Janet,Malloy,92176,50,United States,California
64,64,64,Brant,Diem,90094,96,United States,California
65,65,65,Shelagh,Szepe,94110,51,United States,California
66,66,66,Evita,Creedland,94110,7,United States,California
67,67,67,Sasha,Vigars,90310,42,United States,California
68,68,68,Hayyim,Beau,94121,42,United States,California
69,69,69,Ignatius,Smetoun,90081,13,United States,California
70,70,70,Daune,Brason,93709,68,United States,California
71,71,71,Peggi,McKerley,95205,44,United States,California
72,72,72,Samantha,Epsley,92513,21,United States,California
73,73,73,Levey,Mainstone,92867,10,United States,California
74,74,74,Jacquette,Tootell,91186,98,United States,California
75,75,75,Noelle,Isenor,92196,56,United States,California
76,76,76,Sanford,Hodinton,90510,62,United States,California
77,77,77,Dorolisa,Campany,95818,24,United States,California
78,78,78,Kris,Coon,92878,98,United States,California
79,79,79,Catie,Limeburn,95405,4,United States,California
80,80,80,Bobbee,Millhill,94110,7,United States,California
81,81,81,Silvain,Heald,90094,85,United States,California
82,82,82,Gaby,Caustick,94522,59,United States,California
83,83,83,Mallory,Fayter,94154,67,United States,California
84,84,84,Petunia,Renton,94230,7,United States,California
85,85,85,Monty,Guerry,95818,37,United States,California
86,86,86,Yoshiko,Pinfold,92513,18,United States,California
87,87,87,Nonna,Testin,91109,66,United States,California
88,88,88,Rustin,Thairs,94544,77,United States,California
89,89,89,Jackqueline,Muller,90020,56,United States,California
90,90,90,Loria,Tandy,90076,54,United States,California
91,91,91,Elbert,Houlaghan,90071,14,United States,California
92,92,92,Chiarra,Purple,92186,72,United States,California
93,93,93,Towny,Hanselmann,93726,15,United States,California
94,94,94,Buddy,Ruby,90005,21,United States,California
95,95,95,Iolanthe,Broy,95054,22,United States,California
96,96,96,Joshuah,Openshaw,90310,30,United States,California
97,97,97,Arri,Hartfleet,95838,41,United States,California
98,98,98,Will,Yaknov,90101,60,United States,California
99,99,99,Berton,Highnam,94273,33,United States,California
100,100,100,Lindy,Hinsche,94142,41,United States,California
101,101,101,Corella,Gammons,93005,56,United States,California
102,102,102,Astrid,Critten,93291,9,United States,California
103,103,103,Grantham,Clarke-Williams,91606,50,United States,California
104,104,104,Seline,Jillard,94280,98,United States,California
105,105,105,Griffy,Wainwright,92705,22,United States,California
106,106,106,Sabra,Eichmann,90060,88,United States,California
107,107,107,Goldia,Lannen,94132,60,United States,California
108,108,108,Galina,Reinhardt,93311,49,United States,California
109,109,109,Stanly,Caret,94273,1,United States,California
110,110,110,Phyllida,Klawi,95113,5,United States,California
111,111,111,Jena,Emmett,90055,34,United States,California
112,112,112,Jessee,Ellerker,95828,23,United States,California
113,113,113,Cully,Sandever,94291,28,United States,California
114,114,114,Ainsley,Gothard,91520,24,United States,California
115,115,115,Winna,Kerfoot,90847,11,United States,California
116,116,116,Darice,Tortoise,94110,74,United States,California
117,117,117,Elianora,O'Henery,93386,47,United States,California
118,118,118,Cristi,Prawle,93106,22,United States,California
119,119,119,Cristal,Langsdon,91505,31,United States,California
120,120,120,Marcie,Belchamp,94169,54,United States,California
121,121,121,Brana,Boseley,94147,64,United States,California
122,122,122,Paddy,Gomery,92862,62,United States,California
123,123,123,Anastasia,Heighton,90015,54,United States,California
124,124,124,Verne,Richfield,94975,68,United States,California
125,125,125,Jana,Gaddes,90305,32,United States,California
126,126,126,Dulcea,Meekin,90610,4,United States,California
127,127,127,Beckie,Dewi,94132,44,United States,California
128,128,128,Arnoldo,Merriman,90025,32,United States,California
129,129,129,Andromache,Garthside,92505,26,United States,California
130,130,130,Hartwell,Sumpton,91616,35,United States,California
131,131,131,Briano,Leslie,92645,48,United States,California
132,132,132,Elwira,Clyma,93786,43,United States,California
133,133,133,Tasia,Dumbarton,93591,78,United States,California
134,134,134,Elnora,Lobe,90060,53,United States,California
135,135,135,Hilarius,Udale,92121,77,United States,California
136,136,136,Paxton,Reame,90010,75,United States,California
137,137,137,Gui,Frascone,93740,92,United States,California
138,138,138,Denni,Morforth,92405,44,United States,California
139,139,139,Cornie,Suttill,90805,5,United States,California
140,140,140,Yul,Bortoluzzi,94291,90,United States,California
141,141,141,Kain,Karolczyk,95173,83,United States,California
142,142,142,Lorry,Wilmington,94164,69,United States,California
143,143,143,Tamera,Coghill,91411,100,United States,California
144,144,144,Delila,Huetson,94263,43,United States,California
145,145,145,Elfrieda,Recher,92844,2,United States,California
146,146,146,Gabbie,Arnault,92191,76,United States,California
147,147,147,Torrence,McNab,90305,35,United States,California
148,148,148,Abram,Walsham,91606,95,United States,California
149,149,149,Kory,Dugood,92555,76,United States,California
150,150,150,Aurora,Cunnane,95133,95,United States,California
151,151,151,Delainey,Ginley,92612,82,United States,California
152,152,152,Sebastian,Gludor,90101,70,United States,California
153,153,153,Hyacinthia,Druitt,94297,12,United States,California
154,154,154,Franklin,Mirfield,91131,66,United States,California
155,155,155,Clara,Duffell,92844,55,United States,California
156,156,156,Sylvester,Blackden,90055,43,United States,California
157,157,157,Dominick,Greengrass,94137,21,United States,California
158,158,158,Corilla,Jumont,94627,23,United States,California
159,159,159,Becky,Leimster,93106,13,United States,California
160,160,160,Rosabelle,Wrought,94064,93,United States,California
161,161,161,Cathleen,Le Marquand,92825,20,United States,California
162,162,162,Barris,Fripps,94089,64,United States,California
163,163,163,Mufinella,Woakes,93584,45,United States,California
164,164,164,Norry,Aizikovich,94147,31,United States,California
165,165,165,Aubrey,Brekonridge,94297,54,United States,California
166,166,166,Annette,McSkeagan,93106,90,United States,California
167,167,167,Jerry,Rippon,90810,61,United States,California
168,168,168,David,Yuryev,93584,7,United States,California
169,169,169,Rosabella,Colecrough,94522,82,United States,California
170,170,170,Robinetta,Matiashvili,94177,90,United States,California
171,171,171,Graham,Schuler,92825,19,United States,California
172,172,172,Terza,Brissenden,94627,35,United States,California
173,173,173,Deane,Mugglestone,92176,66,United States,California
174,174,174,Urbanus,Attenbarrow,94263,15,United States,California
175,175,175,Earlie,Konzelmann,90510,76,United States,California
176,176,176,Trixi,Cloughton,94291,68,United States,California
177,177,177,Sonnie,Knott,94913,4,United States,California
178,178,178,Katalin,Selman,94207,37,United States,California
179,179,179,Tremain,Fallow,94207,19,United States,California
180,180,180,Hedwig,Tilberry,92165,100,United States,California
181,181,181,Lucine,Santello,92662,72,United States,California
182,182,182,Samuele,Dumberell,91841,45,United States,California
183,183,183,Cally,Pattemore,92668,63,United States,California
184,184,184,Cyrill,Tibald,91103,43,United States,California
185,185,185,Kris,Boldison,95150,76,United States,California
186,186,186,Cristy,Spencelayh,94286,2,United States,California
187,187,187,Abbe,Lethley,92835,76,United States,California
188,188,188,Rodd,Cashley,90847,24,United States,California
189,189,189,Frederick,Danahar,90101,89,United States,California
190,190,190,Gussy,McGray,90030,27,United States,California
191,191,191,Jennette,Collinson,92405,50,United States,California
192,192,192,Parke,Puddle,93150,34,United States,California
193,193,193,Merrel,Ionn,95064,46,United States,California
194,194,194,Verile,Imesen,93094,73,United States,California
195,195,195,Bret,Lonsdale,95894,45,United States,California
196,196,196,Salem,Grimble,94302,64,United States,California
197,197,197,Myrle,Gilbart,91913,71,United States,California
198,198,198,Terrijo,Glentworth,90030,70,United States,California
199,199,199,Ennis,Shallcross,90510,58,United States,California
200,200,200,Venita,Tooher,94712,32,United States,California
201,201,201,Madelina,Baggallay,94169,18,United States,California
202,202,202,Antonie,Hyndley,94147,46,United States,California
203,203,203,Saunders,Emtage,92186,58,United States,California
204,204,204,Cora,Pauley,95813,34,United States,California
205,205,205,Jerrie,Breakspear,94137,97,United States,California
206,206,206,Stavro,McVeigh,92844,59,United States,California
207,207,207,Nobie,Sammes,90510,15,United States,California
208,208,208,Billye,Keal,94807,79,United States,California
209,209,209,Euell,Bonson,93399,61,United States,California
210,210,210,Ryon,Raiker,92196,32,United States,California
211,211,211,Geoffry,Symson,95133,44,United States,California
212,212,212,Gennifer,Cornuau,94605,19,United States,California
213,213,213,Remington,Bauckham,92822,54,United States,California
214,214,214,Madalyn,Leftley,95123,44,United States,California
215,215,215,Sibylla,Bartot,90010,75,United States,California
216,216,216,Laurie,Osman,94660,14,United States,California
217,217,217,Yuri,Latour,93407,68,United States,California
218,218,218,Andi,Tithecote,94230,30,United States,California
219,219,219,Brendan,Ridulfo,92153,2,United States,California
220,220,220,Dagny,Jay,90020,46,United States,California
221,221,221,Pen,Rodman,92619,72,United States,California
222,222,222,Karissa,Cornewell,90060,45,United States,California
223,223,223,Valene,Kobierski,95133,80,United States,California
224,224,224,Christalle,Revan,94975,49,United States,California
225,225,225,Devlen,Escalante,90189,69,United States,California
226,226,226,Elbertina,Karet,92115,99,United States,California
227,227,227,Manny,Bewly,93726,40,United States,California
228,228,228,Rebeka,O'Lyhane,92645,70,United States,California
229,229,229,Andie,McEnhill,93740,1,United States,California
230,230,230,Broderick,Gierke,92127,61,United States,California
231,231,231,Atalanta,Lytle,95138,99,United States,California
232,232,232,Mattheus,Kinahan,90050,69,United States,California
233,233,233,Zared,Meas,92505,46,United States,California
234,234,234,Leonard,MacCaughey,92137,39,United States,California
235,235,235,Ilyse,Purshouse,94121,66,United States,California
236,236,236,Nettle,Veschambes,90831,14,United States,California
237,237,237,Evelin,Matevushev,91125,17,United States,California
238,238,238,Timmy,Renoden,91520,55,United States,California
239,239,239,Audy,O'Dennehy,92165,20,United States,California
240,240,240,Yurik,Henner,93005,75,United States,California
241,241,241,Calli,Cassedy,94207,70,United States,California
242,242,242,Lisabeth,Arpino,94089,53,United States,California
243,243,243,Kane,Bartalini,94705,21,United States,California
244,244,244,Goldy,Hinrich,91411,80,United States,California
245,245,245,Edwina,Carabine,92725,66,United States,California
246,246,246,Adrian,Britee,93786,68,United States,California
247,247,247,Ewell,Bartrap,94132,48,United States,California
248,248,248,Leeanne,Leehane,91505,45,United States,California
249,249,249,Dita,Bernardy,92405,66,United States,California
250,250,250,Ladonna,Swatton,93584,40,United States,California
251,251,251,Gerrard,Stanbrooke,95118,84,United States,California
252,252,252,Jere,Kamenar,95138,100,United States,California
253,253,253,Shirley,Lillico,94297,4,United States,California
254,254,254,Kirk,Richfield,90045,99,United States,California
255,255,255,Bethanne,Prydie,94807,33,United States,California
256,256,256,Othella,Ipwell,91210,18,United States,California
257,257,257,Charis,Scopham,95108,98,United States,California
258,258,258,Agneta,McCarrell,93034,54,United States,California
259,259,259,Ivar,Fosken,90015,63,United States,California
260,260,260,Cary,Yuille,91109,44,United States,California
261,261,261,Valentine,Judge,92867,63,United States,California
262,262,262,Ruttger,Hannon,92176,39,United States,California
263,263,263,Nettle,Tibols,94154,96,United States,California
264,264,264,Kaia,Nemchinov,95118,56,United States,California
265,265,265,Brennan,Kroch,95354,47,United States,California
266,266,266,Melinda,Twiddle,95354,20,United States,California
267,267,267,Tabby,Brightman,91109,80,United States,California
268,268,268,Pietra,McPartling,94405,61,United States,California
269,269,269,Biron,Gelderd,91199,50,United States,California
270,270,270,Lindsay,Terbeek,91131,2,United States,California
271,271,271,Drucie,O'Kane,94137,90,United States,California
272,272,272,Wood,Askell,94263,19,United States,California
273,273,273,Cord,Bangley,90840,92,United States,California
274,274,274,Dom,Schrir,93762,69,United States,California
275,275,275,Hildagarde,Duhig,95852,88,United States,California
276,276,276,Zach,Kelsow,92013,53,United States,California
277,277,277,Natal,Dawkes,94164,27,United States,California
278,278,278,Shawna,Nairns,94627,42,United States,California
279,279,279,Dewie,Decort,94126,50,United States,California
280,280,280,Maure,Tompsett,91199,97,United States,California
281,281,281,Matti,Matijevic,90831,67,United States,California
282,282,282,Jorey,Toopin,94089,36,United States,California
283,283,283,Druci,Correa,94137,8,United States,California
284,284,284,Shelley,Mansford,92121,73,United States,California
285,285,285,Jaine,Wyllis,92645,27,United States,California
286,286,286,Janifer,Gerasch,90065,95,United States,California
287,287,287,Nicko,Daintrey,94616,96,United States,California
288,288,288,Law,Sykora,92176,74,United States,California
289,289,289,Laurie,Rochewell,93311,18,United States,California
290,290,290,Lizabeth,Teresse,94913,38,United States,California
291,291,291,Kailey,MacEvilly,90076,64,United States,California
292,292,292,Emiline,Janousek,90101,45,United States,California
293,293,293,Aldric,Everly,93726,66,United States,California
294,294,294,Cordie,Wilkin,95128,86,United States,California
295,295,295,Alister,Bunnell,92056,32,United States,California
296,296,296,Faun,Fenlon,93740,45,United States,California
297,297,297,Alexis,Fawthrop,94975,100,United States,California
298,298,298,Justinn,Markey,91913,4,United States,California
299,299,299,Kipper,Dowding,93407,61,United States,California
300,300,300,Lindie,Magwood,95150,28,United States,California
301,301,301,Loleta,Wilkinson,95118,19,United States,California
302,302,302,Caron,Robeson,92555,36,United States,California
303,303,303,Christa,Flea,96154,78,United States,California
304,304,304,Marthe,Tommen,92127,44,United States,California
305,305,305,Hedwiga,Buttel,90025,86,United States,California
306,306,306,Moe,Mottershaw,94913,6,United States,California
307,307,307,Roi,Elwood,92812,27,United States,California
308,308,308,Shana,Scowcraft,94257,15,United States,California
309,309,309,Beitris,Streatfeild,93907,40,United States,California
310,310,310,Sayres,McGrath,92191,54,United States,California
311,311,311,Daria,Vernon,94245,17,United States,California
312,312,312,Munroe,Baitson,95150,84,United States,California
313,313,313,Annadiane,Engelbrecht,90310,100,United States,California
314,314,314,Fancy,Grist,93773,79,United States,California
315,315,315,Herbie,Longfut,93750,65,United States,California
316,316,316,Maximilian,Lidgely,94712,70,United States,California
317,317,317,Ted,Boyson,95894,3,United States,California
318,318,318,Aleksandr,MacGuffie,94042,32,United States,California
319,319,319,Gregory,Stedell,90410,30,United States,California
320,320,320,Regine,Pengilly,94611,12,United States,California
321,321,321,Maurie,Columbell,90030,6,United States,California
322,322,322,Federico,Juszkiewicz,93773,14,United States,California
323,323,323,Tobie,Tomasik,92822,77,United States,California
324,324,324,Jessie,Cansdall,90025,9,United States,California
325,325,325,Howie,Wulfinger,92513,41,United States,California
326,326,326,Tallie,Whales,94105,62,United States,California
327,327,327,Marrilee,Dener,92862,78,United States,California
328,328,328,Alicia,Amos,95128,21,United States,California
329,329,329,Rosene,Roobottom,90840,78,United States,California
330,330,330,Laverna,Pedrollo,92805,41,United States,California
331,331,331,Hester,Torrejon,94154,12,United States,California
332,332,332,Magdalene,Dotson,90605,57,United States,California
333,333,333,Ninnetta,Burgis,90810,32,United States,California
334,334,334,Chelsy,Turle,95865,47,United States,California
335,335,335,Jarrod,Tregien,94291,77,United States,California
336,336,336,Sonny,Chalfont,92186,85,United States,California
337,337,337,Wilton,St Ledger,90398,32,United States,California
338,338,338,Laureen,Izon,90060,32,United States,California
339,339,339,Ives,Daley,91499,63,United States,California
340,340,340,Carrissa,Plett,90405,80,United States,California
341,341,341,Adolpho,Banville,92710,65,United States,California
342,342,342,Melisande,Stellman,95123,39,United States,California
343,343,343,Yardley,Dummer,95219,79,United States,California
344,344,344,Sean,Booker,94273,53,United States,California
345,345,345,Eydie,Cartan,92013,1,United States,California
346,346,346,Eula,Popworth,90405,58,United States,California
347,347,347,Babbie,Riddich,90045,31,United States,California
348,348,348,Wileen,Mewitt,92867,82,United States,California
349,349,349,Bruis,Wincom,93773,91,United States,California
350,350,350,Ludwig,Vasyunkin,91199,32,United States,California
351,351,351,Jessie,Jeffreys,92153,6,United States,California
352,352,352,Gerianne,Marsham,95838,25,United States,California
353,353,353,Alexina,Cregeen,93778,26,United States,California
354,354,354,Liz,Rodden,93111,59,United States,California
355,355,355,Kalinda,Howgego,93386,59,United States,California
356,356,356,Corry,Wagnerin,90310,64,United States,California
357,357,357,Hermina,Grafton,91841,47,United States,California
358,358,358,Denna,Skedge,91186,78,United States,California
359,359,359,Barnabas,Burchfield,95838,4,United States,California
360,360,360,Sonny,Seagrove,90840,27,United States,California
361,361,361,Teodorico,Yurasov,94257,23,United States,California
362,362,362,Maynard,Wrixon,94089,85,United States,California
363,363,363,Kilian,Shawl,91797,40,United States,California
364,364,364,Joyan,Carwithen,94273,67,United States,California
365,365,365,Ibrahim,Notley,94611,25,United States,California
366,366,366,Marcelia,Corish,90071,94,United States,California
367,367,367,Melantha,Elham,92645,70,United States,California
368,368,368,Lori,Belf,93794,15,United States,California
369,369,369,Artur,Bayle,95118,66,United States,California
370,370,370,Rutter,Brendish,90065,37,United States,California
371,371,371,Antonius,Tapsell,93704,54,United States,California
372,372,372,Laurianne,Warrener,94712,14,United States,California
373,373,373,Auberon,Shreeve,95113,21,United States,California
374,374,374,Keeley,De Bruijn,90055,1,United States,California
375,375,375,Loralyn,Fice,93709,96,United States,California
376,376,376,Yvon,Drains,92844,0,United States,California
377,377,377,Isa,Tipton,92105,0,United States,California
378,378,378,Brett,Beauchamp,92668,47,United States,California
379,379,379,Adelbert,Tuther,91406,44,United States,California
380,380,380,Zarah,Juarez,90015,45,United States,California
381,381,381,Karlens,Davoren,95128,76,United States,California
382,382,382,Isadore,Norcott,94137,59,United States,California
383,383,383,Moyra,Valeri,92186,0,United States,California
384,384,384,Carmencita,Brok,92145,74,United States,California
385,385,385,Merlina,Waleworke,95160,42,United States,California
386,386,386,Merrilee,Milleton,92619,37,United States,California
387,387,387,Maurie,Wybourne,90045,93,United States,California
388,388,388,Garrek,Clymer,95865,10,United States,California
389,389,389,Ambrosius,Bulley,94302,44,United States,California
390,390,390,Alvan,Pinkerton,91186,58,United States,California
391,391,391,Gianna,McGlaughn,95155,31,United States,California
392,392,392,Julie,Dach,94230,66,United States,California
393,393,393,Tobie,Scala,93094,87,United States,California
394,394,394,Francine,Cosins,92186,86,United States,California
395,395,395,Sharlene,Le Grove,94159,63,United States,California
396,396,396,Osborn,Beach,95973,20,United States,California
397,397,397,Tobye,Biggadyke,90101,46,United States,California
398,398,398,Rafe,Scarrott,94177,30,United States,California
399,399,399,Nana,Humphries,90087,86,United States,California
400,400,400,Rocky,Cotes,95108,80,United States,California
401,401,401,Merissa,Cracie,94042,7,United States,California
402,402,402,Tades,Gergely,92883,51,United States,California
403,403,403,Sylvan,Afonso,90310,41,United States,California
404,404,404,Verla,Renzullo,90610,63,United States,California
405,405,405,Colly,Thirlwell,91913,56,United States,California
406,406,406,Sawyere,Welfair,92668,9,United States,California
407,407,407,Karoline,Maulin,92648,66,United States,California
408,408,408,Rusty,Pavlovic,90510,78,United States,California
409,409,409,Page,Royal,90087,55,United States,California
410,410,410,Kenyon,Fairlam,91841,73,United States,California
411,411,411,Karlan,Reichhardt,95123,10,United States,California
412,412,412,Sella,Paquet,93094,30,United States,California
413,413,413,Osbert,Raven,90101,66,United States,California
414,414,414,Sumner,De la Yglesia,95210,31,United States,California
415,415,415,Atlanta,Glyssanne,92415,14,United States,California
416,416,416,Tiler,Durbann,90050,94,United States,California
417,417,417,Alis,Topaz,95054,97,United States,California
418,418,418,Hanny,Quantrell,90398,5,United States,California
419,419,419,Mignon,Blaylock,92153,2,United States,California
420,420,420,Alec,Workes,92640,10,United States,California
421,421,421,Care,Scarr,93005,65,United States,California
422,422,422,Bald,McSporon,95823,29,United States,California
423,423,423,Alexis,De Malchar,95138,93,United States,California
424,424,424,Leanna,Walkington,94975,99,United States,California
425,425,425,Nahum,Boast,94230,27,United States,California
426,426,426,Terza,Masdon,90076,35,United States,California
427,427,427,Suzanne,Bearfoot,92105,40,United States,California
428,428,428,Francisca,Tezure,95118,47,United States,California
429,429,429,Hannie,Swithenby,94605,95,United States,California
430,430,430,Shelba,O'Reilly,95405,54,United States,California
431,431,431,Addy,Wilhelmy,92127,16,United States,California
432,432,432,Jackelyn,Bramham,94126,76,United States,California
433,433,433,Elberta,MacVicar,90831,63,United States,California
434,434,434,Waverley,Kasbye,93721,39,United States,California
435,435,435,Ray,Hanby,93709,56,United States,California
436,436,436,Burke,Brugden,93786,57,United States,California
437,437,437,Valera,Mouton,90101,51,United States,California
438,438,438,Ariel,Atton,90605,96,United States,California
439,439,439,Maiga,State,90831,61,United States,California
440,440,440,Blondell,Girardey,94257,58,United States,California
441,441,441,Louisette,Dunnet,95133,37,United States,California
442,442,442,Tuckie,Shoebridge,92619,92,United States,California
443,443,443,Cherianne,Habergham,90020,80,United States,California
444,444,444,Gardiner,Robins,90015,99,United States,California
445,445,445,Tris,Wormell,92844,48,United States,California
446,446,446,Lucky,Schankel,90055,35,United States,California
447,447,447,Arabela,Ragge,93762,48,United States,California
448,448,448,Carmelita,Fozard,90847,95,United States,California
449,449,449,Leslie,Domenget,94622,36,United States,California
450,450,450,Dennie,Dyzart,95138,71,United States,California
451,451,451,Conchita,Cannan,91913,78,United States,California
452,452,452,Gil,Masseo,93794,46,United States,California
453,453,453,Merrily,Clyne,94207,52,United States,California
454,454,454,Erik,Darmody,92612,49,United States,California
455,455,455,Krystalle,Brinkman,93778,11,United States,California
456,456,456,Andree,Dalziell,92415,25,United States,California
457,457,457,Cole,Mitton,93034,76,United States,California
458,458,458,Ethelbert,Bidwell,94207,52,United States,California
459,459,459,Nevin,Linneman,94975,79,United States,California
460,460,460,Marti,Dyson,94042,74,United States,California
461,461,461,Buffy,Bates,90076,38,United States,California
462,462,462,Lorinda,Wims,91199,23,United States,California
463,463,463,Michaeline,Kilfedder,94250,19,United States,California
464,464,464,Celestyn,Shatford,91186,32,United States,California
465,465,465,Stanley,Abbe,94705,84,United States,California
466,466,466,Nickey,Maffy,91406,75,United States,California
467,467,467,Phil,Hedingham,92619,19,United States,California
468,468,468,Noella,Edgerton,92153,43,United States,California
469,469,469,Elliot,Valentelli,92640,58,United States,California
470,470,470,Bastian,Burdon,90094,58,United States,California
471,471,471,Tonya,O'Fihily,90840,22,United States,California
472,472,472,Babara,Ferrario,95064,58,United States,California
473,473,473,Chen,Dallander,93786,55,United States,California
474,474,474,Ruy,McAulay,95298,73,United States,California
475,475,475,Ulises,Petracco,93291,37,United States,California
476,476,476,Filippo,Dainton,91913,52,United States,California
477,477,477,Antoinette,Acheson,95133,46,United States,California
478,478,478,Davidson,Dory,95354,24,United States,California
479,479,479,Rosaline,Fielders,91210,100,United States,California
480,480,480,Nicolai,Lowings,92405,63,United States,California
481,481,481,Barbara-anne,Rawcliff,93311,71,United States,California
482,482,482,Dominique,Cosslett,95108,49,United States,California
483,483,483,Thibaud,Allcorn,94126,78,United States,California
484,484,484,Ronny,Mose,92405,67,United States,California
485,485,485,Auroora,Ullrich,94263,64,United States,California
486,486,486,Cornell,McGray,91499,32,United States,California
487,487,487,Brose,Grabham,92619,46,United States,California
488,488,488,Darn,Haggidon,95128,8,United States,California
489,489,489,Catriona,Entissle,94110,87,United States,California
490,490,490,Jessalin,Helliwell,91328,66,United States,California
491,491,491,Dalli,Bernollet,93111,77,United States,California
492,492,492,Humberto,Gill,90081,24,United States,California
493,493,493,Kizzee,Neeve,93305,76,United States,California
494,494,494,Aymer,Gerlack,95173,56,United States,California
495,495,495,Delores,Potbury,92619,28,United States,California
496,496,496,Bertrand,Bazeley,93721,49,United States,California
497,497,497,Calvin,Sparsholt,92127,91,United States,California
498,498,498,Camel,Kerrane,94245,73,United States,California
499,499,499,Janela,Angelo,95160,31,United States,California
500,500,500,Johannes,Crole,92424,49,United States,California
501,501,501,Borden,Askwith,90305,9,United States,California
502,502,502,Malorie,Pellamont,94116,11,United States,California
503,503,503,Cam,Clingan,90840,67,United States,California
504,504,504,Thedric,Stedson,90055,54,United States,California
505,505,505,Cob,Capper,92132,19,United States,California
506,506,506,Timmie,Sharville,90810,52,United States,California
507,507,507,Lebbie,Longmore,91125,100,United States,California
508,508,508,Vere,Attreed,95219,97,United States,California
509,509,509,Adena,Steenson,91131,76,United States,California
510,510,510,Doreen,Kits,92805,19,United States,California
511,511,511,Bernete,Dagless,93291,18,United States,California
512,512,512,Kellina,Halton,92513,29,United States,California
513,513,513,Elyse,Scarfe,93381,99,United States,California
514,514,514,Iormina,Haggard,92717,26,United States,California
515,515,515,Baldwin,Marion,90101,23,United States,California
516,516,516,Mercy,Keenan,92705,28,United States,California
517,517,517,Bobbette,Keets,95113,85,United States,California
518,518,518,Linda,Tudge,90015,72,United States,California
519,519,519,Estel,Endrighi,95838,9,United States,California
520,520,520,Maritsa,Boller,90398,40,United States,California
521,521,521,Ade,Andrzejak,92405,19,United States,California
522,522,522,Johnnie,Ingman,93094,2,United States,California
523,523,523,Rogers,Doyle,94807,81,United States,California
524,524,524,Cos,Cadamy,93005,21,United States,California
525,525,525,Anthony,Grigolashvill,92640,41,United States,California
526,526,526,Charmian,Sinclair,95160,84,United States,California
527,527,527,Beck,Pucknell,95397,78,United States,California
528,528,528,Joseph,Andrat,91103,74,United States,California
529,529,529,Roselia,Mourbey,95194,56,United States,California
530,530,530,Carla,Longmaid,90831,45,United States,California
531,531,531,Berkeley,Lamputt,95852,1,United States,California
532,532,532,Linette,Watling,95828,37,United States,California
533,533,533,Gustav,Saffell,95108,85,United States,California
534,534,534,Maryjane,Hairs,94164,73,United States,California
535,535,535,Ettie,Selly,92645,2,United States,California
536,536,536,Jazmin,Stewartson,91913,5,United States,California
537,537,537,Meaghan,Immings,90015,22,United States,California
538,538,538,Manfred,Valois,93034,8,United States,California
539,539,539,Aurthur,Tidmas,90505,71,United States,California
540,540,540,Alecia,Alexander,94616,72,United States,California
541,541,541,Afton,Donet,90810,14,United States,California
542,542,542,Norton,Juden,90045,73,United States,California
543,543,543,Sandie,Lindenman,90010,20,United States,California
544,544,544,Cirillo,Wailes,94705,53,United States,California
545,545,545,Janenna,Kennion,91103,80,United States,California
546,546,546,Pearle,Bentje,92132,42,United States,California
547,547,547,Sax,Yesson,95823,38,United States,California
548,548,548,Ruthanne,Moxom,95118,40,United States,California
549,549,549,Clarinda,Fitzackerley,92105,60,United States,California
550,550,550,Adler,Curthoys,92825,65,United States,California
551,551,551,Alberta,Becker,93150,85,United States,California
552,552,552,Ilario,McClifferty,94250,26,United States,California
553,553,553,Berte,Duplock,94116,80,United States,California
554,554,554,Chickie,Holleworth,94230,46,United States,California
555,555,555,Viva,Lydster,93750,54,United States,California
556,556,556,Ruperta,Murkin,92717,62,United States,California
557,557,557,Freeland,Hawker,94245,96,United States,California
558,558,558,Elmira,Mulholland,92127,9,United States,California
559,559,559,Yetty,Neasam,95205,27,United States,California
560,560,560,Conni,Winterburn,92867,94,United States,California
561,561,561,Daphne,Povlsen,92153,40,United States,California
562,562,562,Darice,Willgoss,95128,85,United States,California
563,563,563,Veronika,Honsch,92186,5,United States,California
564,564,564,Carita,Szantho,90010,38,United States,California
565,565,565,Perrine,Bengoechea,92835,24,United States,California
566,566,566,Garfield,Redgewell,91199,87,United States,California
567,567,567,Celine,Antowski,92883,43,United States,California
568,568,568,Killie,Quilligan,91841,17,United States,California
569,569,569,Melloney,Watterson,94177,72,United States,California
570,570,570,Gardner,Bendley,90035,4,United States,California
571,571,571,Northrop,Dumbrell,90810,3,United States,California
572,572,572,Rock,Stuer,90050,69,United States,California
573,573,573,Dolorita,Gowar,93591,51,United States,California
574,574,574,Aurlie,Lindstrom,93762,51,United States,California
575,575,575,Arvy,Milburne,91186,81,United States,California
576,576,576,Nessie,Caiger,94807,98,United States,California
577,577,577,Pedro,Bartaloni,94064,22,United States,California
578,578,578,Enoch,Rofe,91328,47,United States,California
579,579,579,Kahaleel,De Giovanni,92176,67,United States,California
580,580,580,Daphene,Rachuig,95405,43,United States,California
581,581,581,Evita,Hamley,90025,42,United States,California
582,582,582,Cassi,Robus,94302,12,United States,California
583,583,583,Elia,Chesshire,94611,15,United States,California
584,584,584,Bertie,Rosier,94164,12,United States,California
585,585,585,Teddy,Greedier,93750,34,United States,California
586,586,586,Orel,Chick,95813,67,United States,California
587,587,587,Nilson,Coope,93381,48,United States,California
588,588,588,Bibby,MacCaughey,92835,68,United States,California
589,589,589,Zollie,Chung,92835,82,United States,California
590,590,590,Elbertine,Wabersinke,94660,15,United States,California
591,591,591,Mair,Cettell,90398,32,United States,California
592,592,592,Thebault,Thirlwell,95397,29,United States,California
593,593,593,Deidre,Caesman,92191,31,United States,California
594,594,594,Rozelle,Freckingham,91328,53,United States,California
595,595,595,Ida,Perillo,94042,61,United States,California
596,596,596,Lyn,Cowgill,90831,38,United States,California
597,597,597,Parke,Steutly,91328,85,United States,California
598,598,598,Hayden,Brayfield,92505,61,United States,California
599,599,599,Lissy,Beaver,94237,47,United States,California
600,600,600,Delilah,Longrigg,90055,1,United States,California
601,601,601,Rodge,Robbert,90081,66,United States,California
602,602,602,Avigdor,Jeens,94169,93,United States,California
603,603,603,Sumner,Uphill,94126,85,United States,California
604,604,604,Dena,Monsey,93709,54,United States,California
605,605,605,Desmund,Baggett,92115,55,United States,California
606,606,606,Al,Grieswood,90605,41,United States,California
607,607,607,Brittaney,Leidl,93762,54,United States,California
608,608,608,Abramo,MacGuiness,94522,66,United States,California
609,609,609,Fons,Singleton,95173,21,United States,California
610,610,610,Dela,Amesbury,92555,92,United States,California
611,611,611,Fransisco,Blastock,95113,77,United States,California
612,612,612,Ellette,Shapland,94154,86,United States,California
613,613,613,Barnabe,Debold,92710,38,United States,California
614,614,614,Tarah,Bourke,92145,61,United States,California
615,615,615,Craggie,Durdan,92619,54,United States,California
616,616,616,Wandie,Bance,92186,15,United States,California
617,617,617,Augustine,Bugdall,93291,69,United States,California
618,618,618,Taryn,Webberley,90087,61,United States,California
619,619,619,Chrystal,di Rocca,90410,41,United States,California
620,620,620,Berkly,Durie,94121,60,United States,California
621,621,621,Jens,Giraudel,94132,89,United States,California
622,622,622,Mendy,Ravilus,92121,0,United States,California
623,623,623,Petrina,Yakebowitch,94245,53,United States,California
624,624,624,Mayor,Marzele,94237,97,United States,California
625,625,625,Eran,Pol,90035,64,United States,California
626,626,626,Gunner,Verrier,93311,73,United States,California
627,627,627,Hammad,Housen,90010,67,United States,California
628,628,628,Frants,Schuler,95818,99,United States,California
629,629,629,Ertha,Dominique,91505,31,United States,California
630,630,630,Millisent,Platfoot,93311,78,United States,California
631,631,631,Inez,Imison,95128,58,United States,California
632,632,632,Marigold,Fyers,95054,75,United States,California
633,633,633,Raina,Labusch,90505,98,United States,California
634,634,634,Barbey,Postans,91505,76,United States,California
635,635,635,Bambie,Palfreeman,94605,8,United States,California
636,636,636,Franciskus,Illston,95128,51,United States,California
637,637,637,Lambert,Gilman,90101,38,United States,California
638,638,638,Guthry,Siemandl,90605,13,United States,California
639,639,639,Bobinette,Dwire,95813,99,United States,California
640,640,640,Carmelita,Gioani,90510,17,United States,California
641,641,641,Micaela,Balharrie,90310,1,United States,California
642,642,642,Glynis,Mattinson,94263,93,United States,California
643,643,643,Bartel,Aronov,95865,13,United States,California
644,644,644,Bald,Stanyard,95108,20,United States,California
645,645,645,Addie,Beckson,93726,87,United States,California
646,646,646,Viv,Beccles,94105,35,United States,California
647,647,647,Nannie,Wakley,91520,94,United States,California
648,648,648,Dulcea,Bartoletti,93106,89,United States,California
649,649,649,Rhea,Berget,90010,43,United States,California
650,650,650,Edythe,Noades,90310,21,United States,California
651,651,651,Natal,McAline,95219,81,United States,California
652,652,652,Dorree,Jindracek,93386,24,United States,California
653,653,653,Anabal,Bentham3,94116,20,United States,California
654,654,654,Adam,Lambart,92170,99,United States,California
655,655,655,Christel,Marti,94137,25,United States,California
656,656,656,Sharia,Dartnall,92662,78,United States,California
657,657,657,Rici,Print,91406,38,United States,California
658,658,658,Cammy,Ogus,95865,29,United States,California
659,659,659,Nanni,Carbery,90065,94,United States,California
660,660,660,Corbin,Musprat,92030,12,United States,California
661,661,661,Grayce,Furlong,91411,76,United States,California
662,662,662,Helena,Sutter,90094,24,United States,California
663,663,663,Jemmy,Aust,94405,41,United States,California
664,664,664,Sandi,Renowden,95852,33,United States,California
665,665,665,Brennan,Sellens,92410,23,United States,California
666,666,666,Marisa,Duncanson,92710,59,United States,California
667,667,667,Wilek,Koene,90405,86,United States,California
668,668,668,Curtice,Stitcher,92710,72,United States,California
669,669,669,Skylar,Lampert,95150,85,United States,California
670,670,670,Ajay,Bunton,90510,38,United States,California
671,671,671,Teresina,Dudenie,91210,37,United States,California
672,672,672,Starla,Bucksey,94142,11,United States,California
673,673,673,Harald,Scutchings,90087,83,United States,California
674,674,674,Orville,Jaimez,92844,89,United States,California
675,675,675,Carney,Smelley,93311,92,United States,California
676,676,676,Hayes,Earingey,92121,42,United States,California
677,677,677,Moe,Fassam,92612,7,United States,California
678,678,678,Magda,Russi,91797,65,United States,California
679,679,679,Dannie,Cattow,95064,22,United States,California
680,680,680,Tracee,Atcheson,93399,52,United States,California
681,681,681,Colette,Eglin,94522,26,United States,California
682,682,682,Celene,McCue,94132,45,United States,California
683,683,683,Maximilien,Barroux,92415,98,United States,California
684,684,684,Casi,Roose,93150,34,United States,California
685,685,685,Gale,Jeacock,92519,17,United States,California
686,686,686,Roderigo,Gillhespy,92160,40,United States,California
687,687,687,Obadias,Mc Pake,92648,27,United States,California
688,688,688,Avie,Edmunds,95833,92,United States,California
689,689,689,Roz,Maxted,90094,18,United States,California
690,690,690,Rice,Tullot,90610,33,United States,California
691,691,691,Lona,Dunseath,95833,26,United States,California
692,692,692,Dasha,Pyrke,93005,11,United States,California
693,693,693,Dani,Lewzey,95155,95,United States,California
694,694,694,Marleah,Abercromby,92030,90,United States,California
695,695,695,Steffane,Sapseed,93150,66,United States,California
696,696,696,Jessi,Burchnall,92196,92,United States,California
697,697,697,Roberto,Dennes,92176,25,United States,California
698,698,698,Abba,Semorad,91125,81,United States,California
699,699,699,Lilias,Lanyon,92835,32,United States,California
700,700,700,Rochelle,Penwright,90040,85,United States,California
701,701,701,Mona,Costanza,91131,59,United States,California
702,702,702,Kirby,Hallybone,94147,93,United States,California
703,703,703,Branden,McGrae,92862,60,United States,California
704,704,704,Wakefield,Stiegar,93726,18,United States,California
705,705,705,Melisande,Dallinder,93740,39,United States,California
706,706,706,Harlen,Shevill,94975,79,United States,California
707,707,707,Adelheid,Nicol,92170,52,United States,California
708,708,708,Fons,Marrion,90087,18,United States,California
709,709,709,Darnall,Wardhaw,94042,56,United States,California
710,710,710,Gerta,Runnalls,91520,87,United States,California
711,711,711,Esma,Chawner,95128,97,United States,California
712,712,712,Alyssa,Crumpton,90405,51,United States,California
713,713,713,Nick,Clamp,94807,20,United States,California
714,714,714,Mathilde,Casoni,92424,52,United States,California
715,715,715,Redford,Tricker,90065,11,United States,California
716,716,716,Sibelle,Collymore,95828,15,United States,California
717,717,717,Dianne,Bonny,92121,96,United States,California
718,718,718,Lotty,Pickance,91616,95,United States,California
719,719,719,Ivy,Beran,95123,96,United States,California
720,720,720,Fair,Baudasso,94616,47,United States,California
721,721,721,Doll,Shorten,90025,42,United States,California
722,722,722,Aeriell,Lillyman,91606,61,United States,California
723,723,723,Alexandr,Siene,95405,83,United States,California
724,724,724,Vassili,Walas,91186,39,United States,California
725,725,725,Concettina,Noirel,92662,36,United States,California
726,726,726,Blithe,Ellaman,94302,30,United States,California
727,727,727,Quintilla,Pollok,92105,58,United States,California
728,728,728,Ruy,Sofe,93034,76,United States,California
729,729,729,Hastings,Raxworthy,91797,38,United States,California
730,730,730,Bekki,Fatkin,90010,63,United States,California
731,731,731,Tucky,Garred,90094,46,United States,California
732,732,732,Carson,Barbisch,95973,24,United States,California
733,733,733,Maribeth,Persian,94177,89,United States,California
734,734,734,Galvan,Wardrop,93005,11,United States,California
735,735,735,Melosa,Saphin,93709,71,United States,California
736,736,736,David,Quilter,94169,33,United States,California
737,737,737,Robbert,Sunnucks,90071,25,United States,California
738,738,738,Windy,Bassford,92186,60,United States,California
739,739,739,Ninnette,Stote,92705,34,United States,California
740,740,740,Wini,Gudgion,95118,9,United States,California
741,741,741,Judye,Hellmer,95833,84,United States,California
742,742,742,Marylinda,Tye,95813,54,United States,California
743,743,743,Hanan,Reggler,95818,42,United States,California
744,744,744,Dwayne,Asbrey,94105,98,United States,California
745,745,745,Merl,Quiddihy,92862,100,United States,California
746,746,746,Amberly,Skewis,94297,96,United States,California
747,747,747,Valma,Nozzolinii,95150,89,United States,California
748,748,748,Joshua,Touzey,95123,50,United States,California
749,749,749,James,Pryde,92505,66,United States,California
750,750,750,Corena,Lappin,90015,100,United States,California
751,751,751,Mariquilla,Kingsford,92137,89,United States,California
752,752,752,Cozmo,Chrippes,93704,86,United States,California
753,753,753,Jenifer,Bickley,95064,93,United States,California
754,754,754,Janenna,Joul,95205,72,United States,California
755,755,755,Ivor,Pearcehouse,92878,59,United States,California
756,756,756,Elsworth,Anthony,92137,65,United States,California
757,757,757,Corey,O' Hanvey,95123,97,United States,California
758,758,758,Pepi,Wadelin,95113,38,United States,California
759,759,759,Cleveland,McOrkil,93778,65,United States,California
760,760,760,Jake,Roan,90065,15,United States,California
761,761,761,Jeffrey,Van den Hof,95113,8,United States,California
762,762,762,Ingeberg,Todman,92862,5,United States,California
763,763,763,Nancey,Eggar,95818,86,United States,California
764,764,764,Janina,De Cruce,91505,25,United States,California
765,765,765,Lorie,Bielfeld,90040,1,United States,California
766,766,766,Davie,Doley,92132,34,United States,California
767,767,767,Vivianne,Ollington,95813,44,United States,California
768,768,768,Katharine,Leser,90510,67,United States,California
769,769,769,Theresita,Degnen,94105,51,United States,California
770,770,770,Jervis,Tolputt,94975,76,United States,California
771,771,771,Whitney,Hartington,94712,5,United States,California
772,772,772,Henryetta,Varga,90055,64,United States,California
773,773,773,Ingra,Srutton,90071,70,United States,California
774,774,774,Lucila,Reimers,95113,17,United States,California
775,775,775,Virgil,De la Barre,95298,34,United States,California
776,776,776,Hagan,Fountain,92668,78,United States,California
777,777,777,Phillis,Tschersich,93150,24,United States,California
778,778,778,Klara,Erswell,90020,29,United States,California
779,779,779,Northrup,Woodroffe,91109,39,United States,California
780,780,780,Martin,Lindhe,92505,10,United States,California
781,781,781,Michelina,La Grange,93740,30,United States,California
782,782,782,Alexia,Digwood,93584,85,United States,California
783,783,783,Aaron,Alwell,90020,30,United States,California
784,784,784,Sophie,Gwalter,91328,19,United States,California
785,785,785,Gavin,Mainson,94105,45,United States,California
786,786,786,Murdock,Hould,92132,87,United States,California
787,787,787,Gaye,Mackley,94712,41,United States,California
788,788,788,Nathanael,Pflieger,94089,69,United States,California
789,789,789,Carny,Smoth,93794,15,United States,California
790,790,790,Merell,Dilnot,93381,43,United States,California
791,791,791,Rolf,Schuelcke,95852,75,United States,California
792,792,792,Lethia,Berard,92056,55,United States,California
793,793,793,Pammie,Tickle,92835,99,United States,California
794,794,794,Caralie,Pockey,93311,11,United States,California
795,795,795,Delaney,Segrave,92176,98,United States,California
796,796,796,Tally,Camous,90405,68,United States,California
797,797,797,Geri,Attride,92153,59,United States,California
798,798,798,Winn,Grzeskowski,93407,33,United States,California
799,799,799,Clement,Blezard,92132,33,United States,California
800,800,800,Florentia,Huddlestone,93786,88,United States,California
801,801,801,Nanete,Comford,95160,36,United States,California
802,802,802,Ephrayim,Gainsbury,90055,36,United States,California
803,803,803,Selia,Dawkes,95150,61,United States,California
804,804,804,Brion,Mieville,93704,100,United States,California
805,805,805,Pegeen,Pirelli,93034,50,United States,California
806,806,806,Ber,Puden,95865,63,United States,California
807,807,807,Hillel,Kuzma,94297,72,United States,California
808,808,808,Donella,Lepoidevin,93794,78,United States,California
809,809,809,Marsh,Robertsson,90831,75,United States,California
810,810,810,Burt,Jahner,92648,21,United States,California
811,811,811,Cathie,Behn,94975,76,United States,California
812,812,812,Rossie,Nucci,95150,21,United States,California
813,813,813,Kikelia,Callar,95123,7,United States,California
814,814,814,Felicdad,Francklin,90410,6,United States,California
815,815,815,Ami,Zanni,91406,45,United States,California
816,816,816,Donnie,Rozenzweig,90087,66,United States,California
817,817,817,Virgilio,Wollacott,94286,89,United States,California
818,818,818,Virginia,Jenton,94132,40,United States,California
819,819,819,Lynea,Leyes,91205,98,United States,California
820,820,820,Ethan,Ertel,94154,29,United States,California
821,821,821,Maxie,Argo,95354,82,United States,California
822,822,822,Andrey,Wedge,94147,58,United States,California
823,823,823,Ina,Puttnam,90010,44,United States,California
824,824,824,Johny,Earingey,94064,26,United States,California
825,825,825,Leeann,Van Saltsberg,92825,92,United States,California
826,826,826,Fabe,Nuzzetti,92867,95,United States,California
827,827,827,Clemmy,Crolly,92825,15,United States,California
828,828,828,Nisse,Beckett,95054,5,United States,California
829,829,829,Kordula,Sills,94147,16,United States,California
830,830,830,Estrellita,Twittey,95113,42,United States,California
831,831,831,Maddie,Aleksandrikin,94627,55,United States,California
832,832,832,Andriana,Syplus,91520,85,United States,California
833,833,833,Karney,Jacob,95833,83,United States,California
834,834,834,Tuesday,Dudhill,95113,41,United States,California
835,835,835,Derk,Hickford,94137,75,United States,California
836,836,836,Rita,Trevains,93740,18,United States,California
837,837,837,Merla,Gandrich,94302,48,United States,California
838,838,838,Reed,Packman,94126,59,United States,California
839,839,839,Danya,Callcott,94164,92,United States,California
840,840,840,Benjy,Stelljes,90071,67,United States,California
841,841,841,Gilbert,Stiger,92555,17,United States,California
842,842,842,Laurie,Crummy,94116,66,United States,California
843,843,843,Merlina,Grinyer,94975,0,United States,California
844,844,844,Esma,Pumfrett,90065,25,United States,California
845,845,845,Ailee,Garnham,90847,25,United States,California
846,846,846,Cherish,Boutellier,90310,69,United States,California
847,847,847,Rossy,Streeting,95205,70,United States,California
848,848,848,Jock,Snashall,95298,24,United States,California
849,849,849,Paula,Cleef,93005,30,United States,California
850,850,850,Hillel,Costy,93381,63,United States,California
851,851,851,Tanney,Benardet,95397,9,United States,California
852,852,852,Katina,Ashbridge,92115,28,United States,California
853,853,853,Brew,Knotton,90015,14,United States,California
854,854,854,Robby,Witt,92165,81,United States,California
855,855,855,Launce,Kevlin,92056,61,United States,California
856,856,856,Ange,Kenneford,90847,64,United States,California
857,857,857,Janela,Devenport,92115,60,United States,California
858,858,858,Gannie,Camblin,93305,32,United States,California
859,859,859,Beatriz,Josland,93005,40,United States,California
860,860,860,Fulton,Nail,92170,21,United States,California
861,861,861,Granger,Gave,95828,26,United States,California
862,862,862,Reynard,Erb,95173,72,United States,California
863,863,863,Aimil,Drinkel,90310,1,United States,California
864,864,864,Lissa,Cockill,91616,70,United States,California
865,865,865,Christine,Durham,90505,65,United States,California
866,866,866,Fredelia,Eouzan,95160,51,United States,California
867,867,867,Artur,Grayshon,92170,57,United States,California
868,868,868,Ashby,Burger,90847,34,United States,California
869,869,869,Syman,Cadigan,91210,68,United States,California
870,870,870,Kathryn,Vasnetsov,92056,54,United States,California
871,871,871,Pavia,Yanshinov,95818,83,United States,California
872,872,872,Dame,Willshear,90020,19,United States,California
873,873,873,Shawnee,Rickets,94405,5,United States,California
874,874,874,Diane-marie,Maybery,90305,91,United States,California
875,875,875,Elaina,Espadas,91131,1,United States,California
876,876,876,Trumann,Heal,94132,10,United States,California
877,877,877,Gracia,Pennaman,95823,87,United States,California
878,878,878,Thomasa,Huchot,90076,90,United States,California
879,879,879,Keir,Herion,94177,67,United States,California
880,880,880,Morton,MacLachlan,94110,36,United States,California
881,881,881,Debra,Peris,90045,90,United States,California
882,882,882,Laurence,Lintot,94154,26,United States,California
883,883,883,Tyrus,Lehr,90398,31,United States,California
884,884,884,Innis,De Vries,95194,49,United States,California
885,885,885,Ferris,Lghan,93786,18,United States,California
886,886,886,Marlie,Earey,94177,39,United States,California
887,887,887,Sue,Padly,93704,62,United States,California
888,888,888,Luz,Cawston,95133,15,United States,California
889,889,889,Elinor,Kernell,94121,75,United States,California
890,890,890,Myron,Fosten,92121,97,United States,California
891,891,891,Madelin,Douche,94611,0,United States,California
892,892,892,Isa,Mallion,93704,10,United States,California
893,893,893,Courtney,Kubanek,91186,99,United States,California
894,894,894,Ash,Tabourier,93773,96,United States,California
895,895,895,Alphonse,Downgate,93778,54,United States,California
896,896,896,Clemmie,Tompsett,92555,43,United States,California
897,897,897,Sigvard,Mallebone,90071,54,United States,California
898,898,898,Elbertina,Callcott,91103,24,United States,California
899,899,899,Lou,Windsor,95138,60,United States,California
900,900,900,Dwight,Morrall,94257,50,United States,California
901,901,901,Paulie,De Maine,94616,62,United States,California
902,902,902,Jessee,Headon,92196,52,United States,California
903,903,903,Burg,Vowden,95813,17,United States,California
904,904,904,Clara,Jakoubec,95852,42,United States,California
905,905,905,Danya,Markus,95150,0,United States,California
906,906,906,Wadsworth,Kellet,90410,67,United States,California
907,907,907,Fernandina,Ballefant,91913,50,United States,California
908,908,908,Wolfie,Lynnitt,92165,25,United States,California
909,909,909,Madlin,Wallwood,90840,8,United States,California
910,910,910,Lydia,Tace,94137,81,United States,California
911,911,911,Keelia,Duchart,94257,22,United States,California
912,912,912,Caty,Persey,94705,24,United States,California
913,913,913,Timi,Schwanden,95973,7,United States,California
914,914,914,Annabela,Topes,93034,82,United States,California
915,915,915,Dean,Donnel,92612,27,United States,California
916,916,916,Nancy,Pether,90398,44,United States,California
917,917,917,Romain,Letts,90045,70,United States,California
918,918,918,Jareb,Spohrmann,90505,42,United States,California
919,919,919,Saraann,Latimer,92415,90,United States,California
920,920,920,Geno,MacTeague,92640,9,United States,California
921,921,921,Laure,Cavet,90189,52,United States,California
922,922,922,Marthe,Mollene,93386,2,United States,California
923,923,923,Priscella,Valasek,93726,52,United States,California
924,924,924,Celle,Beaulieu,94622,36,United States,California
925,925,925,Gipsy,Prandy,91210,61,United States,California
926,926,926,Sterling,Janney,94237,100,United States,California
927,927,927,Laurianne,Hitcham,93386,18,United States,California
928,928,928,Anthea,Waldock,93750,60,United States,California
929,929,929,Tanny,Marshland,94605,32,United States,California
930,930,930,Tomkin,Casetti,95894,38,United States,California
931,931,931,Stefanie,Demougeot,91616,2,United States,California
932,932,932,Dawna,Haldin,92862,54,United States,California
933,933,933,Rinaldo,Keighley,95210,68,United States,California
934,934,934,Bobine,Bulcock,92519,42,United States,California
935,935,935,Brandie,Ellerman,93907,88,United States,California
936,936,936,Lamar,Dunrige,91109,83,United States,California
937,937,937,Jaime,Dast,92165,99,United States,California
938,938,938,Haily,Bourdis,93111,79,United States,California
939,939,939,Chadwick,Lghan,95354,5,United States,California
940,940,940,Esdras,Valentim,91199,72,United States,California
941,941,941,Fran,Dowzell,94137,94,United States,California
942,942,942,Garald,Uttridge,90505,61,United States,California
943,943,943,Ethelin,Markos,90510,43,United States,California
944,944,944,Lyndsie,Styche,90410,51,United States,California
945,945,945,Ingrid,Clemmen,93399,100,United States,California
946,946,946,Leupold,Perillo,92165,59,United States,California
947,947,947,Maximilien,Whittek,90050,83,United States,California
948,948,948,Lorita,Cloughton,94164,46,United States,California
949,949,949,Natalee,Hupe,90030,85,United States,California
950,950,950,Kalinda,Ogan,90305,27,United States,California
951,951,951,Ellyn,Vedenyakin,95064,20,United States,California
952,952,952,Wood,Morforth,90025,52,United States,California
953,953,953,Licha,Dimmick,95405,78,United States,California
954,954,954,Heddie,Alelsandrovich,92115,68,United States,California
955,955,955,Alie,Clausewitz,94291,17,United States,California
956,956,956,Marco,Mordecai,90847,70,United States,California
957,957,957,Clotilda,Le Moucheux,90081,24,United States,California
958,958,958,Arlie,Beckhouse,90045,5,United States,California
959,959,959,Chelsey,Boarder,94257,91,United States,California
960,960,960,Bradney,Boichat,92415,31,United States,California
961,961,961,Mercy,Barwell,93715,76,United States,California
962,962,962,Chev,Ledger,92662,20,United States,California
963,963,963,Janaya,Wagon,90087,87,United States,California
964,964,964,Skyler,Mennell,90050,18,United States,California
965,965,965,Perla,Permain,92822,96,United States,California
966,966,966,Eziechiele,Chafer,94116,66,United States,California
967,967,967,Dorise,Conan,94975,95,United States,California
968,968,968,Bette,Langmuir,92424,33,United States,California
969,969,969,Hercule,Martusewicz,95123,41,United States,California
970,970,970,Honor,Stiller,92121,49,United States,California
971,971,971,Laurene,Judkins,93907,4,United States,California
972,972,972,Moe,Cammock,90094,2,United States,California
973,973,973,Serene,Meddick,92645,39,United States,California
974,974,974,Alix,D'Costa,90060,94,United States,California
975,975,975,Ibrahim,Chiese,95150,77,United States,California
976,976,976,Leonanie,Baggarley,94627,56,United States,California
977,977,977,Meredith,Zannelli,93407,16,United States,California
978,978,978,Lemar,Swatradge,90010,49,United States,California
979,979,979,Kissee,Lawler,91913,98,United States,California
980,980,980,Wain,Harflete,90398,79,United States,California
981,981,981,Jody,Corneille,94159,16,United States,California
982,982,982,Brien,Thompson,95108,65,United States,California
983,983,983,Val,Craigheid,93715,58,United States,California
984,984,984,Dallon,Christofle,94522,56,United States,California
985,985,985,Kamillah,Lark,91109,10,United States,California
986,986,986,Hagen,Jirak,94126,89,United States,California
987,987,987,Elihu,Daymond,92619,74,United States,California
988,988,988,Kaila,Gatus,95123,12,United States,California
989,989,989,Laughton,Trayling,92170,91,United States,California
990,990,990,Anstice,Gribbell,92612,43,United States,California
991,991,991,Birgitta,MacTerrelly,92176,65,United States,California
992,992,992,Ely,Abilowitz,90101,86,United States,California
993,993,993,Calv,Tett,94142,93,United States,California
994,994,994,Wilbur,Dungate,94302,10,United States,California
995,995,995,Lina,Pittet,90065,100,United States,California
996,996,996,Hervey,Habron,95354,0,United States,California
997,997,997,Ellerey,Pelos,91797,31,United States,California
998,998,998,Lizzy,Wyllis,95813,29,United States,California
999,999,999,Carolann,Kilgour,90510,88,United States,California
