name,zip,age
Brant Gurley,95838,99
Gracia Pennaman,95823,87
Addie Beckson,93726,87
Ronny Mose,92405,67
Dita Bernardy,92405,66
Nicolai Lowings,92405,63
Brion Mieville,93704,100
Enid Egdell,95838,68
Rustin Thairs,94544,77
Aldric Everly,93726,66
Jennette Collinson,92405,50
Kizzee Neeve,93305,76
Denni Morforth,92405,44
Avie Edmunds,95833,92
Maxie Argo,95354,82
Cozmo Chrippes,93704,86
Lina Pittet,90065,100
Frants Schuler,95818,99
Janenna Joul,95205,72
Priscella Valasek,93726,52
Janifer Gerasch,90065,95
Tamera Coghill,91411,100
Rossy Streeting,95205,70
Nanni Carbery,90065,94
Judye Hellmer,95833,84
Corena Lappin,90015,100
Karney Jacob,95833,83
Gardiner Robins,90015,99
Dela Amesbury,92555,92
Rinaldo Keighley,95210,68
Arri Hartfleet,95838,41
Abram Walsham,91606,95
Nancey Eggar,95818,86
Ariel Atton,90605,96
Lynea Leyes,91205,98
Sax Yesson,95823,38
Manny Bewly,93726,40
Pavia Yanshinov,95818,83
Lexi Dorkin,95210,59
Ade Andrzejak,92405,19
Aurora Cunnane,95133,95
Sue Padly,93704,62
Bertrand Bazeley,93721,49
Rochelle Penwright,90040,85
Goldy Hinrich,91411,80
Bald McSporon,95823,29
Kory Dugood,92555,76
Nickey Maffy,91406,75
Janenna Kennion,91103,80
Clarinda Fitzackerley,92105,60
Grayce Furlong,91411,76
Gerianne Marsham,95838,25
Quintilla Pollok,92105,58
Peggi McKerley,95205,44
Antonius Tapsell,93704,54
Joseph Andrat,91103,74
Brennan Kroch,95354,47
Waverley Kasbye,93721,39
Linda Tudge,90015,72
Jerry Rippon,90810,61
Kirk Richfield,90045,99
Brennan Sellens,92410,23
Gannie Camblin,93305,32
Valene Kobierski,95133,80
Wakefield Stiegar,93726,18
Orville Jaimez,92844,89
Towny Hanselmann,93726,15
Linette Watling,95828,37
Maurie Wybourne,90045,93
Fabe Nuzzetti,92867,95
Ivar Fosken,90015,63
Conni Winterburn,92867,94
Timmie Sharville,90810,52
Debra Peris,90045,90
Estel Endrighi,95838,9
Augustine Bugdall,93291,69
Aeriell Lillyman,91606,61
Sumner De la Yglesia,95210,31
Yetty Neasam,95205,27
Suzanne Bearfoot,92105,40
Barnabas Burchfield,95838,4
Anastasia Heighton,90015,54
Granger Gave,95828,26
Magdalene Dotson,90605,57
Jessee Ellerker,95828,23
Ami Zanni,91406,45
Wileen Mewitt,92867,82
Davidson Dory,95354,24
Adelbert Tuther,91406,44
James Pryde,92505,66
Hanan Reggler,95818,42
Grantham Clarke-Williams,91606,50
Francesca Rehorek,90605,53
Clemmie Tompsett,92555,43
Tito Haws,95828,19
Melinda Twiddle,95354,20
Zarah Juarez,90015,45
Norton Juden,90045,73
Hayden Brayfield,92505,61
Rutter Brendish,90065,37
Rici Print,91406,38
Monty Guerry,95818,37
Cyrill Tibald,91103,43
Sibelle Collymore,95828,15
Lona Dunseath,95833,26
Ninnetta Burgis,90810,32
Romain Letts,90045,70
Caron Robeson,92555,36
Al Grieswood,90605,41
Stavro McVeigh,92844,59
Antoinette Acheson,95133,46
Geoffry Symson,95133,44
Esma Pumfrett,90065,25
Clara Duffell,92844,55
Valentine Judge,92867,63
Chadwick Lghan,95354,5
Isa Mallion,93704,10
Jere Kamenar,95138,100
Lebbie Longmore,91125,100
Alexis Fawthrop,94975,100
Rosaline Fielders,91210,100
Annadiane Engelbrecht,90310,100
Merl Quiddihy,92862,100
Hedwig Tilberry,92165,100
Ingrid Clemmen,93399,100
Sterling Janney,94237,100
Dorolisa Campany,95818,24
Laverna Pedrollo,92805,41
Atalanta Lytle,95138,99
Bobinette Dwire,95813,99
Pammie Tickle,92835,99
Jaime Dast,92165,99
Elyse Scarfe,93381,99
Leanna Walkington,94975,99
Courtney Kubanek,91186,99
Elbertina Karet,92115,99
Adam Lambart,92170,99
Zared Meas,92505,46
Delaney Segrave,92176,98
Maximilien Barroux,92415,98
Kissee Lawler,91913,98
Charis Scopham,95108,98
Nessie Caiger,94807,98
Dwayne Asbrey,94105,98
Jacquette Tootell,91186,98
Raina Labusch,90505,98
Kris Coon,92878,98
Seline Jillard,94280,98
Ulises Petracco,93291,37
Mayor Marzele,94237,97
Maure Tompsett,91199,97
Vere Attreed,95219,97
Jerrie Breakspear,94137,97
Corey O' Hanvey,95123,97
Esma Chawner,95128,97
Myron Fosten,92121,97
Alis Topaz,95054,97
Ash Tabourier,93773,96
Nicko Daintrey,94616,96
Ivy Beran,95123,96
Brant Diem,90094,96
Amberly Skewis,94297,96
Dianne Bonny,92121,96
Perla Permain,92822,96
Loralyn Fice,93709,96
Nettle Tibols,94154,96
Freeland Hawker,94245,96
Cornie Suttill,90805,5
Hervey Habron,95354,0
Louisette Dunnet,95133,37
Kamilah Causby,93106,95
Lotty Pickance,91616,95
Sibylle Ohanessian,93740,95
Dorise Conan,94975,95
Carmelita Fozard,90847,95
Dani Lewzey,95155,95
Hannie Swithenby,94605,95
Tiler Durbann,90050,94
Nannie Wakley,91520,94
Alix D'Costa,90060,94
Fran Dowzell,94137,94
Hadlee Jeannequin,90030,94
Marcelia Corish,90071,94
Tris Wormell,92844,48
Elbertina Callcott,91103,24
Afton Donet,90810,14
Silva Evanson,94807,93
Avigdor Jeens,94169,93
Calv Tett,94142,93
Jenifer Bickley,95064,93
Rosabelle Wrought,94064,93
Glynis Mattinson,94263,93
Kirby Hallybone,94147,93
Alexis De Malchar,95138,93
Gui Frascone,93740,92
Tuckie Shoebridge,92619,92
Danya Callcott,94164,92
Ambros Peart,92191,92
Carney Smelley,93311,92
Jessi Burchnall,92196,92
Cord Bangley,90840,92
Leeann Van Saltsberg,92825,92
Meaghan Immings,90015,22
Gilbert Stiger,92555,17
Jake Roan,90065,15
Diane-marie Maybery,90305,91
Konstantin Fullom,92013,91
Laughton Trayling,92170,91
Bruis Wincom,93773,91
Calvin Sparsholt,92127,91
Chelsey Boarder,94257,91
Yul Bortoluzzi,94291,90
Marleah Abercromby,92030,90
Haroun Powell,91125,90
Annette McSkeagan,93106,90
Thomasa Huchot,90076,90
Saraann Latimer,92415,90
Robinetta Matiashvili,94177,90
Drucie O'Kane,94137,90
Jens Giraudel,94132,89
Frederick Danahar,90101,89
Valma Nozzolinii,95150,89
Linnie Ackermann,95298,89
Mariquilla Kingsford,92137,89
Maribeth Persian,94177,89
Virgilio Wollacott,94286,89
Hagen Jirak,94126,89
Dulcea Bartoletti,93106,89
Hildagarde Duhig,95852,88
Carolann Kilgour,90510,88
Florentia Huddlestone,93786,88
Brandie Ellerman,93907,88
Sabra Eichmann,90060,88
Isa Tipton,92105,0
Marinna Broomhall,92555,13
Redford Tricker,90065,11
Gerta Runnalls,91520,87
Garfield Redgewell,91199,87
Murdock Hould,92132,87
Catriona Entissle,94110,87
Tobie Scala,93094,87
Janaya Wagon,90087,87
Francine Cosins,92186,86
Nana Humphries,90087,86
Ellette Shapland,94154,86
Cordie Wilkin,95128,86
Hetti Marquess,94105,86
Wilek Koene,90405,86
Ely Abilowitz,90101,86
Hedwiga Buttel,90025,86
Sumner Uphill,94126,85
Alexia Digwood,93584,85
Bobbette Keets,95113,85
Maynard Wrixon,94089,85
Sonny Chalfont,92186,85
Parke Steutly,91328,85
Skylar Lampert,95150,85
Natalee Hupe,90030,85
Andriana Syplus,91520,85
Gustav Saffell,95108,85
Malanie Garmans,93111,85
Darice Willgoss,95128,85
Alberta Becker,93150,85
Silvain Heald,90094,85
Gerrard Stanbrooke,95118,84
Charmian Sinclair,95160,84
Stanley Abbe,94705,84
Gregorio Hoyt,92415,84
Munroe Baitson,95150,84
Brew Knotton,90015,14
Harald Scutchings,90087,83
Lamar Dunrige,91109,83
Alexandr Siene,95405,83
Maximilien Whittek,90050,83
Kain Karolczyk,95173,83
Northrop Dumbrell,90810,3
Zollie Chung,92835,82
Delainey Ginley,92612,82
Annabela Topes,93034,82
Rosabella Colecrough,94522,82
Lydia Tace,94137,81
Arvy Milburne,91186,81
Abba Semorad,91125,81
Rogers Doyle,94807,81
Natal McAline,95219,81
Robby Witt,92165,81
Berte Duplock,94116,80
Tabby Brightman,91109,80
Carrissa Plett,90405,80
Rocky Cotes,95108,80
Cherianne Habergham,90020,80
Yardley Dummer,95219,79
Harlen Shevill,94975,79
Haily Bourdis,93111,79
Fancy Grist,93773,79
Germana Lowndsbrough,93584,79
Billye Keal,94807,79
Wain Harflete,90398,79
Nevin Linneman,94975,79
Bernete Dagless,93291,18
Andromache Garthside,92505,26
Rusty Pavlovic,90510,78
Marrilee Dener,92862,78
Licha Dimmick,95405,78
Conchita Cannan,91913,78
Beck Pucknell,95397,78
Tasia Dumbarton,93591,78
Denna Skedge,91186,78
Rosene Roobottom,90840,78
Millisent Platfoot,93311,78
Thibaud Allcorn,94126,78
Hagan Fountain,92668,78
Sharia Dartnall,92662,78
Donella Lepoidevin,93794,78
Christa Flea,96154,78
Doreen Kits,92805,19
Guthry Siemandl,90605,13
Fransisco Blastock,95113,77
Dalli Bernollet,93111,77
Hilarius Udale,92121,77
Ibrahim Chiese,95150,77
Tobie Tomasik,92822,77
Jarrod Tregien,94291,77
Zacharie Probets,93291,16
Kris Boldison,95150,76
Cathie Behn,94975,76
Cole Mitton,93034,76
Adena Steenson,91131,76
Ruy Sofe,93034,76
Karlens Davoren,95128,76
Mercy Barwell,93715,76
Jackelyn Bramham,94126,76
Earlie Konzelmann,90510,76
Gabbie Arnault,92191,76
Jervis Tolputt,94975,76
Barbey Postans,91505,76
Abbe Lethley,92835,76
Marsh Robertsson,90831,75
Elinor Kernell,94121,75
Paxton Reame,90010,75
Rolf Schuelcke,95852,75
Yurik Henner,93005,75
Sibylla Bartot,90010,75
Derk Hickford,94137,75
Marigold Fyers,95054,75
Carmencita Brok,92145,74
Law Sykora,92176,74
Elihu Daymond,92619,74
Darice Tortoise,94110,74
Marti Dyson,94042,74
Luz Cawston,95133,15
Maryjane Hairs,94164,73
Babara Shemelt,94705,73
Camel Kerrane,94245,73
Kenyon Fairlam,91841,73
Verile Imesen,93094,73
Shelley Mansford,92121,73
Ruy McAulay,95298,73
Gunner Verrier,93311,73
Alecia Alexander,94616,72
Esdras Valentim,91199,72
Pen Rodman,92619,72
Chiarra Purple,92186,72
Melloney Watterson,94177,72
Lucine Santello,92662,72
Hillel Kuzma,94297,72
Curtice Stitcher,92710,72
Reynard Erb,95173,72
Babbie Riddich,90045,31
Ninnette Stote,92705,34
Aurthur Tidmas,90505,71
Melosa Saphin,93709,71
Barbara-anne Rawcliff,93311,71
Dennie Dyzart,95138,71
Myrle Gilbart,91913,71
Lissa Cockill,91616,70
Maximilian Lidgely,94712,70
Sebastian Gludor,90101,70
Calli Cassedy,94207,70
Terrijo Glentworth,90030,70
Ingra Srutton,90071,70
Rebeka O'Lyhane,92645,70
Marco Mordecai,90847,70
Melantha Elham,92645,70
Astrid Critten,93291,9
Devlen Escalante,90189,69
Lorry Wilmington,94164,69
Mattheus Kinahan,90050,69
Nathanael Pflieger,94089,69
Dom Schrir,93762,69
Cherish Boutellier,90310,69
Rock Stuer,90050,69
Ludwig Corradini,94297,69
Heddie Alelsandrovich,92115,68
Adrian Britee,93786,68
Verne Richfield,94975,68
Rochell Saddington,93311,68
Bibby MacCaughey,92835,68
Daune Brason,93709,68
Tally Camous,90405,68
Yuri Latour,93407,68
Syman Cadigan,91210,68
Trixi Cloughton,94291,68
Lorie Bielfeld,90040,1
Keir Herion,94177,67
Benjy Stelljes,90071,67
Hammad Housen,90010,67
Joyan Carwithen,94273,67
Cam Clingan,90840,67
Wadsworth Kellet,90410,67
Orel Chick,95813,67
Katharine Leser,90510,67
Kahaleel De Giovanni,92176,67
Matti Matijevic,90831,67
Mallory Fayter,94154,67
Rodie Verlinde,90055,67
Buddy Ruby,90005,21
Gunter Cudby,93591,66
Lark Creyke,94250,66
Eziechiele Chafer,94116,66
Jessalin Helliwell,91328,66
Abramo MacGuiness,94522,66
Artur Bayle,95118,66
Julie Dach,94230,66
Franklin Mirfield,91131,66
Donnie Rozenzweig,90087,66
Deane Mugglestone,92176,66
Rodge Robbert,90081,66
Steffane Sapseed,93150,66
Laurie Crummy,94116,66
Nonna Testin,91109,66
Osbert Raven,90101,66
Karoline Maulin,92648,66
Edwina Carabine,92725,66
Ilyse Purshouse,94121,66
Mercy Keenan,92705,28
Brien Thompson,95108,65
Herbie Longfut,93750,65
Adolpho Banville,92710,65
Birgitta MacTerrelly,92176,65
Magda Russi,91797,65
Care Scarr,93005,65
Christine Durham,90505,65
Elsworth Anthony,92137,65
Adler Curthoys,92825,65
Cleveland McOrkil,93778,65
Auroora Ullrich,94263,64
Barris Fripps,94089,64
Kailey MacEvilly,90076,64
Salem Grimble,94302,64
Henryetta Varga,90055,64
Eran Pol,90035,64
Brana Boseley,94147,64
Ange Kenneford,90847,64
Corry Wagnerin,90310,64
Bekki Fatkin,90010,63
Elberta MacVicar,90831,63
Hillel Costy,93381,63
Ives Daley,91499,63
Nelli Bawden,90010,63
Verla Renzullo,90610,63
Ber Puden,95865,63
Sharlene Le Grove,94159,63
Cally Pattemore,92668,63
Martin Lindhe,92505,10
Gerhardine Scapens,94913,62
Ruperta Murkin,92717,62
Paulie De Maine,94616,62
Paddy Gomery,92862,62
Sanford Hodinton,90510,62
Tallie Whales,94105,62
Selia Dawkes,95150,61
Launce Kevlin,92056,61
Tarah Bourke,92145,61
Taryn Webberley,90087,61
Garald Uttridge,90505,61
Gipsy Prandy,91210,61
Ida Perillo,94042,61
Costa Grastye,93773,61
Broderick Gierke,92127,61
Euell Bonson,93399,61
Pietra McPartling,94405,61
Maiga State,90831,61
Kipper Dowding,93407,61
Berkly Durie,94121,60
Windy Bassford,92186,60
Janela Devenport,92115,60
Goldia Lannen,94132,60
Will Yaknov,90101,60
Lou Windsor,95138,60
Anthea Waldock,93750,60
Branden McGrae,92862,60
Griffy Wainwright,92705,22
Marisa Duncanson,92710,59
Leupold Perillo,92165,59
Ivor Pearcehouse,92878,59
Liz Rodden,93111,59
Gaby Caustick,94522,59
Geri Attride,92153,59
Kalinda Howgego,93386,59
Isadore Norcott,94137,59
Reed Packman,94126,59
Mona Costanza,91131,59
Val Craigheid,93715,58
Blondell Girardey,94257,58
Bastian Burdon,90094,58
Eula Popworth,90405,58
Inez Imison,95128,58
Andrey Wedge,94147,58
Ennis Shallcross,90510,58
Saunders Emtage,92186,58
Babara Ferrario,95064,58
Alvan Pinkerton,91186,58
Elliot Valentelli,92640,58
Artur Grayshon,92170,57
Burke Brugden,93786,57
Darnall Wardhaw,94042,56
Kaia Nemchinov,95118,56
Dallon Christofle,94522,56
Roselia Mourbey,95194,56
Colly Thirlwell,91913,56
Corella Gammons,93005,56
Noelle Isenor,92196,56
Wilek Collop,93386,56
Leonanie Baggarley,94627,56
Aymer Gerlack,95173,56
Ray Hanby,93709,56
Jackqueline Muller,90020,56
Chen Dallander,93786,55
Page Royal,90087,55
Desmund Baggett,92115,55
Timmy Renoden,91520,55
Blondelle Mudd,95219,55
Lethia Berard,92056,55
Maddie Aleksandrikin,94627,55
Viva Lydster,93750,54
Remington Bauckham,92822,54
Freddi Roubottom,94622,54
Craggie Durdan,92619,54
Dawna Haldin,92862,54
Loria Tandy,90076,54
Aubrey Brekonridge,94297,54
Agneta McCarrell,93034,54
Brittaney Leidl,93762,54
Dena Monsey,93709,54
Thedric Stedson,90055,54
Marcie Belchamp,94169,54
Sayres McGrath,92191,54
Sigvard Mallebone,90071,54
Alphonse Downgate,93778,54
Kathryn Vasnetsov,92056,54
Shelba O'Reilly,95405,54
Marylinda Tye,95813,54
Lisabeth Arpino,94089,53
Petrina Yakebowitch,94245,53
Sean Booker,94273,53
Zach Kelsow,92013,53
Elnora Lobe,90060,53
Rozelle Freckingham,91328,53
Cirillo Wailes,94705,53
Merrily Clyne,94207,52
Jessee Headon,92196,52
Katrine Perkins,94913,52
Wood Morforth,90025,52
Ethelbert Bidwell,94207,52
Lindi Mendes,91125,52
Laure Cavet,90189,52
Tracee Atcheson,93399,52
Filippo Dainton,91913,52
Mathilde Casoni,92424,52
Adelheid Nicol,92170,52
Fredelia Eouzan,95160,51
Alyssa Crumpton,90405,51
Tades Gergely,92883,51
Theresita Degnen,94105,51
Lyndsie Styche,90410,51
Franciskus Illston,95128,51
Shelagh Szepe,94110,51
Aurlie Lindstrom,93762,51
Valera Mouton,90101,51
Dolorita Gowar,93591,51
Dewie Decort,94126,50
Calypso Bownde,92160,50
Biron Gelderd,91199,50
Pegeen Pirelli,93034,50
Janet Malloy,92176,50
Dwight Morrall,94257,50
Joshua Touzey,95123,50
Fernandina Ballefant,91913,50
Galina Reinhardt,93311,49
Ottilie Cunah,92662,49
Innis De Vries,95194,49
Honor Stiller,92121,49
Lemar Swatradge,90010,49
Christalle Revan,94975,49
Johannes Crole,92424,49
Erik Darmody,92612,49
Dominique Cosslett,95108,49
Briano Leslie,92645,48
Peirce Lindenbluth,95108,48
Arabela Ragge,93762,48
Marion Abrams,93762,48
Ewell Bartrap,94132,48
Merla Gandrich,94302,48
Nilson Coope,93381,48
Elfrieda Recher,92844,2
Levey Mainstone,92867,10
Enoch Rofe,91328,47
Elianora O'Henery,93386,47
Fair Baudasso,94616,47
Chelsy Turle,95865,47
Brett Beauchamp,92668,47
Francisca Tezure,95118,47
Lissy Beaver,94237,47
Hermina Grafton,91841,47
Lorita Cloughton,94164,46
Dagny Jay,90020,46
Chickie Holleworth,94230,46
Merrel Ionn,95064,46
Gil Masseo,93794,46
Tucky Garred,90094,46
Antonie Hyndley,94147,46
Brose Grabham,92619,46
Tobye Biggadyke,90101,46
Yvon Drains,92844,0
Arlie Beckhouse,90045,5
Bret Lonsdale,95894,45
Leeanne Leehane,91505,45
Faun Fenlon,93740,45
Gavin Mainson,94105,45
Emiline Janousek,90101,45
Mufinella Woakes,93584,45
Karissa Cornewell,90060,45
Samuele Dumberell,91841,45
Celene McCue,94132,45
Carla Longmaid,90831,45
Cary Yuille,91109,44
Beckie Dewi,94132,44
Vivianne Ollington,95813,44
Marthe Tommen,92127,44
Nancy Pether,90398,44
Ina Puttnam,90010,44
Ambrosius Bulley,94302,44
Madalyn Leftley,95123,44
Rhea Berget,90010,43
Anstice Gribbell,92612,43
Noella Edgerton,92153,43
Merell Dilnot,93381,43
Ethelin Markos,90510,43
Sylvester Blackden,90055,43
Delila Huetson,94263,43
Elwira Clyma,93786,43
Celine Antowski,92883,43
Daphene Rachuig,95405,43
Hayes Earingey,92121,42
Estrellita Twittey,95113,42
Evita Hamley,90025,42
Shawna Nairns,94627,42
Jareb Spohrmann,90505,42
Clara Jakoubec,95852,42
Doll Shorten,90025,42
Sasha Vigars,90310,42
Merlina Waleworke,95160,42
Pearle Bentje,92132,42
Hayyim Beau,94121,42
Bobine Bulcock,92519,42
Sylvan Afonso,90310,41
Howie Wulfinger,92513,41
Chrystal di Rocca,90410,41
Tuesday Dudhill,95113,41
Hercule Martusewicz,95123,41
Lindy Hinsche,94142,41
Jemmy Aust,94405,41
Anthony Grigolashvill,92640,41
Gaye Mackley,94712,41
Virginia Jenton,94132,40
Lorilee Trowsdall,90010,40
Roderigo Gillhespy,92160,40
Kilian Shawl,91797,40
Beatriz Josland,93005,40
Ladonna Swatton,93584,40
Maritsa Boller,90398,40
Daphne Povlsen,92153,40
Beitris Streatfeild,93907,40
Ruthanne Moxom,95118,40
Vassili Walas,91186,39
Northrup Woodroffe,91109,39
Ruttger Hannon,92176,39
Melisande Dallinder,93740,39
Leonard MacCaughey,92137,39
Marlie Earey,94177,39
Serene Meddick,92645,39
Siffre Lugard,91328,39
Melisande Stellman,95123,39
Lyn Cowgill,90831,38
Buffy Bates,90076,38
Lambert Gilman,90101,38
Tomkin Casetti,95894,38
Christean Barnwille,90840,38
Ajay Bunton,90510,38
Pepi Wadelin,95113,38
Lizabeth Teresse,94913,38
Hastings Raxworthy,91797,38
Barnabe Debold,92710,38
Carita Szantho,90010,38
Teresina Dudenie,91210,37
Merrilee Milleton,92619,37
Miquela Kubin,95054,37
Katalin Selman,94207,37
Jorey Toopin,94089,36
Concettina Noirel,92662,36
Winn Fechnie,94522,36
Celle Beaulieu,94622,36
Leslie Domenget,94622,36
Morton MacLachlan,94110,36
Nanete Comford,95160,36
Ephrayim Gainsbury,90055,36
Hartwell Sumpton,91616,35
Lucky Schankel,90055,35
Viv Beccles,94105,35
Terza Masdon,90076,35
Terza Brissenden,94627,35
Torrence McNab,90305,35
Casi Roose,93150,34
Parke Puddle,93150,34
Davie Doley,92132,34
Jena Emmett,90055,34
Virgil De la Barre,95298,34
Ashby Burger,90847,34
Teddy Greedier,93750,34
Cora Pauley,95813,34
Trev Withey,93907,33
Virgilio Maxweell,95054,33
Bette Langmuir,92424,33
Berton Highnam,94273,33
Clement Blezard,92132,33
Winn Grzeskowski,93407,33
David Quilter,94169,33
Sandi Renowden,95852,33
Bethanne Prydie,94807,33
Rice Tullot,90610,33
Laureen Izon,90060,32
Jana Gaddes,90305,32
Ryon Raiker,92196,32
Wilton St Ledger,90398,32
Mair Cettell,90398,32
Celestyn Shatford,91186,32
Tanny Marshland,94605,32
Ludwig Vasyunkin,91199,32
Arnoldo Merriman,90025,32
Alister Bunnell,92056,32
Cornell McGray,91499,32
Venita Tooher,94712,32
Aleksandr MacGuffie,94042,32
Lilias Lanyon,92835,32
Janela Angelo,95160,31
Tyrus Lehr,90398,31
Cristal Langsdon,91505,31
Ertha Dominique,91505,31
Norry Aizikovich,94147,31
Ches Fantonetti,91131,31
Gianna McGlaughn,95155,31
Bradney Boichat,92415,31
Deidre Caesman,92191,31
Ellerey Pelos,91797,31
Blithe Ellaman,94302,30
Aaron Alwell,90020,30
Rafe Scarrott,94177,30
Andi Tithecote,94230,30
Michelina La Grange,93740,30
Sella Paquet,93094,30
Gregory Stedell,90410,30
Joshuah Openshaw,90310,30
Paula Cleef,93005,30
Lizzy Wyllis,95813,29
Klara Erswell,90020,29
Kellina Halton,92513,29
Erie Westmore,94105,29
Ethan Ertel,94154,29
Thebault Thirlwell,95397,29
Cammy Ogus,95865,29
Emelyne Tillot,94660,28
Delores Potbury,92619,28
Lindie Magwood,95150,28
Cully Sandever,94291,28
Katina Ashbridge,92115,28
Natal Dawkes,94164,27
Dean Donnel,92612,27
Roi Elwood,92812,27
Nahum Boast,94230,27
Gussy McGray,90030,27
Obadias Mc Pake,92648,27
Kalinda Ogan,90305,27
Sonny Seagrove,90840,27
Jaine Wyllis,92645,27
Laurence Lintot,94154,26
Iormina Haggard,92717,26
Colette Eglin,94522,26
Alexina Cregeen,93778,26
Ilario McClifferty,94250,26
Johny Earingey,94064,26
Robbert Sunnucks,90071,25
Ailee Garnham,90847,25
Andree Dalziell,92415,25
Vanni Soden,92115,25
Wolfie Lynnitt,92165,25
Christel Marti,94137,25
Janina De Cruce,91505,25
Roberto Dennes,92176,25
Ibrahim Notley,94611,25
Carson Barbisch,95973,24
Rodd Cashley,90847,24
Humberto Gill,90081,24
Ainsley Gothard,91520,24
Clotilda Le Moucheux,90081,24
Jock Snashall,95298,24
Helena Sutter,90094,24
Perrine Bengoechea,92835,24
Caty Persey,94705,24
Dorree Jindracek,93386,24
Phillis Tschersich,93150,24
Lorinda Wims,91199,23
Corilla Jumont,94627,23
Teodorico Yurasov,94257,23
Baldwin Marion,90101,23
Cristi Prawle,93106,22
Pedro Bartaloni,94064,22
Iolanthe Broy,95054,22
Tonya O'Fihily,90840,22
Keelia Duchart,94257,22
Dannie Cattow,95064,22
Dominick Greengrass,94137,21
Auberon Shreeve,95113,21
Cos Cadamy,93005,21
Edythe Noades,90310,21
Fulton Nail,92170,21
Samantha Epsley,92513,21
Fons Singleton,95173,21
Kane Bartalini,94705,21
Burt Jahner,92648,21
Rossie Nucci,95150,21
Alicia Amos,95128,21
Imogen Stoney,90020,21
Sandie Lindenman,90010,20
Osborn Beach,95973,20
Cathleen Le Marquand,92825,20
Chev Ledger,92662,20
Nick Clamp,94807,20
Ellyn Vedenyakin,95064,20
Audy O'Dennehy,92165,20
Anabal Bentham3,94116,20
Bald Stanyard,95108,20
Michaeline Kilfedder,94250,19
Graham Schuler,92825,19
Gennifer Cornuau,94605,19
Wood Askell,94263,19
Dame Willshear,90020,19
Antonetta Amsberger,95852,19
Loleta Wilkinson,95118,19
Sophie Gwalter,91328,19
Phil Hedingham,92619,19
Cob Capper,92132,19
Tremain Fallow,94207,19
Fons Marrion,90087,18
Laurianne Hitcham,93386,18
Ferris Lghan,93786,18
Skyler Mennell,90050,18
Othella Ipwell,91210,18
Rita Trevains,93740,18
Madelina Baggallay,94169,18
Yoshiko Pinfold,92513,18
Laurie Rochewell,93311,18
Roz Maxted,90094,18
Allis Dodgson,94089,18
Lucila Reimers,95113,17
Killie Quilligan,91841,17
Daria Vernon,94245,17
Burg Vowden,95813,17
Brandon Bruckent,93740,17
Carmelita Gioani,90510,17
Gale Jeacock,92519,17
Evelin Matevushev,91125,17
Alie Clausewitz,94291,17
Dimitri Colin,92165,16
Addy Wilhelmy,92127,16
Yalonda Kubes,91117,16
Jody Corneille,94159,16
Meredith Zannelli,93407,16
Kordula Sills,94147,16
Elia Chesshire,94611,15
Urbanus Attenbarrow,94263,15
Clemmy Crolly,92825,15
Lori Belf,93794,15
Shana Scowcraft,94257,15
Elbertine Wabersinke,94660,15
Carny Smoth,93794,15
Nobie Sammes,90510,15
Wandie Bance,92186,15
Federico Juszkiewicz,93773,14
Laurie Osman,94660,14
Laurianne Warrener,94712,14
Nettle Veschambes,90831,14
Atlanta Glyssanne,92415,14
Elbert Houlaghan,90071,14
Ignatius Smetoun,90081,13
Becky Leimster,93106,13
Bartel Aronov,95865,13
Hester Torrejon,94154,12
Regine Pengilly,94611,12
Bertie Rosier,94164,12
Cassi Robus,94302,12
Kaila Gatus,95123,12
Corbin Musprat,92030,12
Hyacinthia Druitt,94297,12
Malorie Pellamont,94116,11
Krystalle Brinkman,93778,11
Dasha Pyrke,93005,11
Caralie Pockey,93311,11
Winna Kerfoot,90847,11
Galvan Wardrop,93005,11
Starla Bucksey,94142,11
Wilbur Dungate,94302,10
Kamillah Lark,91109,10
Garrek Clymer,95865,10
Trumann Heal,94132,10
Vic Zanolli,94705,10
Alec Workes,92640,10
Karlan Reichhardt,95123,10
Grissel Normington,94250,10
Borden Askwith,90305,9
Sawyere Welfair,92668,9
Tanney Benardet,95397,9
Elmira Mulholland,92127,9
Geno MacTeague,92640,9
Jessie Cansdall,90025,9
Sonya McCraine,94245,9
Wini Gudgion,95118,9
Druci Correa,94137,8
Manfred Valois,93034,8
Darn Haggidon,95128,8
Bambie Palfreeman,94605,8
Nydia Ducastel,92127,8
Madlin Wallwood,90840,8
Jeffrey Van den Hof,95113,8
Merissa Cracie,94042,7
Kikelia Callar,95123,7
Bobbee Millhill,94110,7
Evita Creedland,94110,7
Moe Fassam,92612,7
Petunia Renton,94230,7
Timi Schwanden,95973,7
David Yuryev,93584,7
Felicdad Francklin,90410,6
Jessie Jeffreys,92153,6
Moe Mottershaw,94913,6
Maurie Columbell,90030,6
Ingeberg Todman,92862,5
Veronika Honsch,92186,5
Hanny Quantrell,90398,5
Phyllida Klawi,95113,5
Nisse Beckett,95054,5
Jazmin Stewartson,91913,5
Whitney Hartington,94712,5
Shawnee Rickets,94405,5
Justinn Markey,91913,4
Laurene Judkins,93907,4
Sonnie Knott,94913,4
Gardner Bendley,90035,4
Dulcea Meekin,90610,4
Shirley Lillico,94297,4
Catie Limeburn,95405,4
Ted Boyson,95894,3
Regine Sowood,94297,3
Aron Lanaway,94147,3
Marthe Mollene,93386,2
Johnnie Ingman,93094,2
Lindsay Terbeek,91131,2
Ulberto Hultberg,92153,2
Cristy Spencelayh,94286,2
Brendan Ridulfo,92153,2
Moe Cammock,90094,2
Ettie Selly,92645,2
Mignon Blaylock,92153,2
Stefanie Demougeot,91616,2
Delilah Longrigg,90055,1
Andie McEnhill,93740,1
Elaina Espadas,91131,1
Keeley De Bruijn,90055,1
Eydie Cartan,92013,1
Berkeley Lamputt,95852,1
Stanly Caret,94273,1
Tamarah Rhyme,94132,1
Aimil Drinkel,90310,1
Micaela Balharrie,90310,1
Harrie Huortic,90101,0
Moyra Valeri,92186,0
Mendy Ravilus,92121,0
Madelin Douche,94611,0
Merlina Grinyer,94975,0
Danya Markus,95150,0
